{
    "0": {
        "decoder.weight": 0.39999999999999997,
        "encoder.weight": 0.5399999999999999,
        "rnn_weight_hh_l0": 0.58,
        "rnn_weight_hh_l1": 0.5800000000000001
    },
    "10": {
        "decoder.weight": 0.45,
        "encoder.weight": 0.55,
        "rnn_weight_hh_l0": 0.47000000000000003,
        "rnn_weight_hh_l1": 0.47000000000000003
    },
    "20": {
        "decoder.weight": 0.5599999999999999,
        "encoder.weight": 0.56,
        "rnn_weight_hh_l0": 0.4,
        "rnn_weight_hh_l1": 0.47000000000000003
    },
    "30": {
        "decoder.weight": 0.49000000000000005,
        "encoder.weight": 0.5700000000000001,
        "rnn_weight_hh_l0": 0.53,
        "rnn_weight_hh_l1": 0.39999999999999997
    },
    "40": {
        "decoder.weight": 0.47000000000000003,
        "encoder.weight": 0.51,
        "rnn_weight_hh_l0": 0.4800000000000001,
        "rnn_weight_hh_l1": 0.4600000000000001
    },
    "50": {
        "decoder.weight": 0.5000000000000001,
        "encoder.weight": 0.54,
        "rnn_weight_hh_l0": 0.58,
        "rnn_weight_hh_l1": 0.44000000000000006
    },
    "60": {
        "decoder.weight": 0.4600000000000001,
        "encoder.weight": 0.5900000000000001,
        "rnn_weight_hh_l0": 0.49000000000000005,
        "rnn_weight_hh_l1": 0.53
    },
    "70": {
        "decoder.weight": 0.54,
        "encoder.weight": 0.55,
        "rnn_weight_hh_l0": 0.44000000000000006,
        "rnn_weight_hh_l1": 0.55
    },
    "80": {
        "decoder.weight": 0.5,
        "encoder.weight": 0.54,
        "rnn_weight_hh_l0": 0.41999999999999993,
        "rnn_weight_hh_l1": 0.41999999999999993
    },
    "90": {
        "decoder.weight": 0.5199999999999999,
        "encoder.weight": 0.53,
        "rnn_weight_hh_l0": 0.39999999999999997,
        "rnn_weight_hh_l1": 0.48
    },
    "100": {
        "decoder.weight": 0.51,
        "encoder.weight": 0.53,
        "rnn_weight_hh_l0": 0.55,
        "rnn_weight_hh_l1": 0.45999999999999996
    }
}