{
    "0": {
        "decoder.weight": 0.45,
        "encoder.weight": 0.5,
        "rnn_weight_hh_l0": 0.51,
        "rnn_weight_hh_l1": 0.63
    },
    "10": {
        "decoder.weight": 0.5599999999999999,
        "encoder.weight": 0.53,
        "rnn_weight_hh_l0": 0.5599999999999999,
        "rnn_weight_hh_l1": 0.45999999999999996
    },
    "20": {
        "decoder.weight": 0.45999999999999996,
        "encoder.weight": 0.5399999999999999,
        "rnn_weight_hh_l0": 0.56,
        "rnn_weight_hh_l1": 0.5499999999999999
    },
    "30": {
        "decoder.weight": 0.54,
        "encoder.weight": 0.52,
        "rnn_weight_hh_l0": 0.55,
        "rnn_weight_hh_l1": 0.48
    },
    "40": {
        "decoder.weight": 0.5599999999999999,
        "encoder.weight": 0.55,
        "rnn_weight_hh_l0": 0.55,
        "rnn_weight_hh_l1": 0.47000000000000003
    },
    "50": {
        "decoder.weight": 0.47000000000000003,
        "encoder.weight": 0.47999999999999987,
        "rnn_weight_hh_l0": 0.53,
        "rnn_weight_hh_l1": 0.4800000000000001
    },
    "60": {
        "decoder.weight": 0.45999999999999996,
        "encoder.weight": 0.5200000000000001,
        "rnn_weight_hh_l0": 0.53,
        "rnn_weight_hh_l1": 0.5000000000000001
    },
    "70": {
        "decoder.weight": 0.5599999999999999,
        "encoder.weight": 0.55,
        "rnn_weight_hh_l0": 0.47000000000000003,
        "rnn_weight_hh_l1": 0.52
    },
    "80": {
        "decoder.weight": 0.47000000000000003,
        "encoder.weight": 0.48,
        "rnn_weight_hh_l0": 0.49000000000000005,
        "rnn_weight_hh_l1": 0.49000000000000005
    },
    "90": {
        "decoder.weight": 0.55,
        "encoder.weight": 0.42000000000000004,
        "rnn_weight_hh_l0": 0.5199999999999999,
        "rnn_weight_hh_l1": 0.5800000000000001
    },
    "100": {
        "decoder.weight": 0.5,
        "encoder.weight": 0.47000000000000003,
        "rnn_weight_hh_l0": 0.4,
        "rnn_weight_hh_l1": 0.51
    }
}